{
  "name": "quad_sys",
  "state_vars": [
    "x1",
    "x2",
    "x3",
    "x4",
    "x5",
    "x6",
    "x7",
    "x8",
    "x9",
    "x10",
    "x11",
    "x12",
    "t"
  ],
  "dynamics": [
    "cos(x8)*cos(x9)*x4 + (sin(x7)*sin(x8)*cos(x9) - cos(x7)*sin(x9))*x5 + (cos(x7)*sin(x8)*cos(x9) + sin(x7)*sin(x9))*x6",
    "cos(x8)*sin(x9)*x4 + (sin(x7)*sin(x8)*sin(x9) + cos(x7)*cos(x9))*x5 + (cos(x7)*sin(x8)*sin(x9) - sin(x7)*cos(x9))*x6",
    "sin(x8)*x4 - sin(x7)*cos(x8)*x5 - cos(x7)*cos(x8)*x6",
    "x12*x5 - x11*x6 - 9.81*sin(x8)",
    "x10*x6 - x12*x4 + 9.81*cos(x8)*sin(x7)",
    "x11*x4 - x10*x5 + 9.81*cos(x8)*cos(x7) - 9.81 - a1 / 1.4",
    "x10 + (sin(x7)*(sin(x8)/cos(x8)))*x11 + (cos(x7)*(sin(x8)/cos(x8)))*x12",
    "cos(x7)*x11 - sin(x7)*x12",
    "(sin(x7)/cos(x8))*x11 + (cos(x7)/cos(x8))*x12",
    "-0.92592592592593*x11*x12 + 18.51851851851852*a2",
    "0.92592592592593*x10*x12 + 18.51851851851852*a3",
    "0",
    "1"
  ],
  "control_step": 0.05,
  "fixed_step": 0.001,
  "plot": "matlab",
  "max_control_depth": 8,
  "init": [
    [
      0.35,
      0.4
    ],
    [
      0.35,
      0.4
    ],
    [
      0.35,
      0.4
    ],
    [
      0.35,
      0.4
    ],
    [
      0.35,
      0.4
    ],
    [
      0.35,
      0.4
    ],
    [
      0,
      0
    ],
    [
      0,
      0
    ],
    [
      0,
      0
    ],
    [
      0,
      0
    ],
    [
      0,
      0
    ],
    [
      0,
      0
    ],
    [
      0,
      0
    ]
  ]
}